CREATE TABLE book(
       b_id     VARCHAR2(10)  NOT NULL PRIMARY KEY
      ,title      VARCHAR2(100) NOT NULL
      ,c_name  VARCHAR2(100) NOT NULL
);

CREATE TABLE danga(
      b_id  VARCHAR2(10)  NOT NULL
      ,price  NUMBER(7) NOT NULL
      ,CONSTRAINT PK_dangga_id PRIMARY KEY(b_id)
      ,CONSTRAINT FK_dangga_id FOREIGN KEY (b_id)
              REFERENCES book(b_id)
              ON DELETE CASCADE
);

CREATE TABLE gogaek(
      g_id       NUMBER(5) NOT NULL PRIMARY KEY
      ,g_name   VARCHAR2(20) NOT NULL
      ,g_tel      VARCHAR2(20)
);

CREATE TABLE panmai(
       id         NUMBER(5) NOT NULL PRIMARY KEY
      ,g_id       NUMBER(5) NOT NULL CONSTRAINT FK_PANMAI_GID
                     REFERENCES gogaek(g_id) ON DELETE CASCADE
      ,b_id       VARCHAR2(10)  NOT NULL CONSTRAINT FK_PANMAI_BID
                     REFERENCES book(b_id) ON DELETE CASCADE
      ,p_date     DATE DEFAULT SYSDATE
      ,p_su       NUMBER(5)  NOT NULL
);

CREATE TABLE au_book(
       id   number(5)  NOT NULL PRIMARY KEY
      ,b_id VARCHAR2(10)  NOT NULL  CONSTRAINT FK_AUBOOK_BID
            REFERENCES book(b_id) ON DELETE CASCADE
      ,name VARCHAR2(20)  NOT NULL
);

INSERT INTO book (b_id, title, c_name) VALUES ('a-1', '데이터베이스', '서울');
INSERT INTO book (b_id, title, c_name) VALUES ('a-2', '데이터베이스', '경기');
INSERT INTO book (b_id, title, c_name) VALUES ('b-1', '운영체제', '부산');
INSERT INTO book (b_id, title, c_name) VALUES ('b-2', '운영체제', '인천');
INSERT INTO book (b_id, title, c_name) VALUES ('c-1', '워드', '경기');
INSERT INTO book (b_id, title, c_name) VALUES ('d-1', '엑셀', '대구');
INSERT INTO book (b_id, title, c_name) VALUES ('e-1', '파워포인트', '부산');
INSERT INTO book (b_id, title, c_name) VALUES ('f-1', '엑세스', '인천');
INSERT INTO book (b_id, title, c_name) VALUES ('f-2', '엑세스', '서울');
INSERT INTO danga (b_id, price) VALUES ('a-1', 300);
INSERT INTO danga (b_id, price) VALUES ('a-2', 500);
INSERT INTO danga (b_id, price) VALUES ('b-1', 450);
INSERT INTO danga (b_id, price) VALUES ('b-2', 440);
INSERT INTO danga (b_id, price) VALUES ('c-1', 320);
INSERT INTO danga (b_id, price) VALUES ('d-1', 321);
INSERT INTO danga (b_id, price) VALUES ('e-1', 250);
INSERT INTO danga (b_id, price) VALUES ('f-1', 510);
INSERT INTO danga (b_id, price) VALUES ('f-2', 400);
INSERT INTO gogaek (g_id, g_name, g_tel) VALUES (1, '우리서점', '111-1111');
INSERT INTO gogaek (g_id, g_name, g_tel) VALUES (2, '도시서점', '111-1111');
INSERT INTO gogaek (g_id, g_name, g_tel) VALUES (3, '지구서점', '333-3333');
INSERT INTO gogaek (g_id, g_name, g_tel) VALUES (4, '서울서점', '444-4444');
INSERT INTO gogaek (g_id, g_name, g_tel) VALUES (5, '수도서점', '555-5555');
INSERT INTO gogaek (g_id, g_name, g_tel) VALUES (6, '강남서점', '666-6666');
INSERT INTO gogaek (g_id, g_name, g_tel) VALUES (7, '강북서점', '777-7777');
INSERT INTO panmai (id, g_id, b_id, p_date, p_su) VALUES (1, 1, 'a-1', '2000-10-10', 10);
INSERT INTO panmai (id, g_id, b_id, p_date, p_su) VALUES (2, 2, 'a-1', '2000-03-04', 20);
INSERT INTO panmai (id, g_id, b_id, p_date, p_su) VALUES (3, 1, 'b-1', DEFAULT, 13);
INSERT INTO panmai (id, g_id, b_id, p_date, p_su) VALUES (4, 4, 'c-1', '2000-07-07', 5);
INSERT INTO panmai (id, g_id, b_id, p_date, p_su) VALUES (5, 4, 'd-1', DEFAULT, 31);
INSERT INTO panmai (id, g_id, b_id, p_date, p_su) VALUES (6, 6, 'f-1', DEFAULT, 21);
INSERT INTO panmai (id, g_id, b_id, p_date, p_su) VALUES (7, 7, 'a-1', DEFAULT, 26);
INSERT INTO panmai (id, g_id, b_id, p_date, p_su) VALUES (8, 6, 'a-1', DEFAULT, 17);
INSERT INTO panmai (id, g_id, b_id, p_date, p_su) VALUES (9, 6, 'b-1', DEFAULT, 5);
INSERT INTO panmai (id, g_id, b_id, p_date, p_su) VALUES (10, 7, 'a-2', '2000-10-10', 15);
INSERT INTO au_book (id, b_id, name) VALUES (1, 'a-1', '저팔개');
INSERT INTO au_book (id, b_id, name) VALUES (2, 'b-1', '손오공');
INSERT INTO au_book (id, b_id, name) VALUES (3, 'a-1', '사오정');
INSERT INTO au_book (id, b_id, name) VALUES (4, 'b-1', '김유신');
INSERT INTO au_book (id, b_id, name) VALUES (5, 'c-1', '유관순');
INSERT INTO au_book (id, b_id, name) VALUES (6, 'd-1', '김하늘');
INSERT INTO au_book (id, b_id, name) VALUES (7, 'a-1', '심심해');
INSERT INTO au_book (id, b_id, name) VALUES (8, 'd-1', '허첨');
INSERT INTO au_book (id, b_id, name) VALUES (9, 'e-1', '이한나');
INSERT INTO au_book (id, b_id, name) VALUES (10, 'f-1', '정말자');
INSERT INTO au_book (id, b_id, name) VALUES (11, 'f-2', '이영애');

COMMIT;

SELECT * FROM book;
SELECT * FROM danga;
SELECT * FROM gogaek;
SELECT * FROM panmai;
SELECT * FROM au_book;
